tool,component,state,user_journey,expectation,old_reality,improvement,severity_fixed
_global,MessageParts,error,"Any tool fails at runtime","A clear failure card the user can act on","output-error fell through to the loading skeleton and hung forever","Added output-error branch rendering shared ToolError with retry wired to reload()",High
_global,ToolComponents,loading,"Any tool without a bespoke skeleton is running","A lively 'working' affordance","Static 'Using {tool}' chip with a tiny spinner","Animated ToolStatusPill with shimmer + present-tense running label",Medium
_global,GenericSuccess,success,"Any tool without a bespoke result resolves","A tidy confirmation consistent with other cards","Tiny plain box, fixed 17rem width","Rebuilt on ToolCard (success tone), humanized name, optional avatar",Medium
_global,getToolsInfo,loading,"Default tool running label","Readable present-tense status","Only had past-tense result message","Added runningLabel per tool family + humanized fallback",Low
tasks,GetTasksSuccess,success,"User asks to see their scheduled tasks","A polished card listing tasks with schedule and status","Ad-hoc bordered box, green CheckCircle, inconsistent radius/colors","Migrated to ToolCard (info tone) with count badge and divided list",Medium
tasks,GetTasksSuccess,empty,"User has no scheduled tasks","Friendly empty state inside the tasks card","Bare centered icon + 'No tasks found' text","Shared ToolEmpty with icon, title, and guidance",Medium
tasks,CreateTaskSuccess,success,"User creates a scheduled task","Clear success confirmation with the new task summary","Custom box, double Calendar icons, mixed green text","ToolCard success tone (Plus), emphasized ring, task card body",Medium
tasks,CreateTaskSuccess,error,"Task creation fails","A consistent, non-alarming error surface","Hardcoded red-tinted TaskError box","Routed through shared ToolError via TaskError",High
tasks,UpdateTaskSuccess,success,"User edits a task","Confirmation that changes saved with task summary","Custom green box duplicating Create layout","ToolCard info tone (Pencil), emphasized, shared anatomy",Medium
tasks,DeleteTaskSuccess,success,"User deletes a task","Calm confirmation of removal with the deleted task","Aggressive all-red box (red bg/border/text)","ToolCard warning tone (Trash2), tokenized colors",Medium
tasks,DeleteTaskSuccess,error,"Task deletion fails","Consistent error surface","Hardcoded red error block with mono failure text","Shared TaskError/ToolError",High
tasks,TaskCard,default,"User scans a task in a list","Readable title, schedule pill, status, tasteful hover","Plain row, raw cron text, absolute-positioned status, div-based actions","Avatar + title, schedule pill with Clock/Repeat, tonal status pills, accessible buttons",Medium
tasks,TaskCard,deleted,"User views a deleted task","Visually de-emphasized with clear Deleted badge","Generic muted badge, opacity only","Destructive-tinted Deleted pill plus opacity",Low
tasks,TaskArtistImage,loading,"Artist avatar is still loading","Smooth avatar load without pop-in","Image rendered with no load handling","Pulsing placeholder + fade-in on load, border ring",Low
tasks,TaskError,error,"Any task tool fails","One consistent error design across tools","Standalone hardcoded red box","Delegates to shared ToolError, de-duped detail",High
tasks,DeleteTaskSkeleton,loading,"Delete in flight","Skeleton matching the resolved delete card","Bespoke red pulsing markup, layout mismatch","ToolCardSkeleton mirroring the delete card",Medium
tasks,TasksSkeleton,loading,"Tasks list loading","Skeleton resembling a list of task cards","Hardcoded slate skeleton not matching final card","ToolCardSkeleton with rows = numberOfTasks",Medium
spotify_search,GetSpotifySearchToolResult,loaded,User searches Spotify and scans results,Branded card with grouped categories and counts,Bare divs with raw h2 labels and no shell,Wrapped in shared ToolCard with count pills and snap carousels,Medium
spotify_search,GetSpotifySearchToolResult,empty,Search returns nothing,Clear "no results" message,Rendered an empty fragment (blank),Added ToolEmpty empty state,High
spotify_search,SpotifyContentCard,loaded,User browses content tiles,Polished thumbnail tiles with hover,Card/CardContent wrappers; "No Image" text; squares for artists,Token-safe tiles; circular artist art; Music fallback; hover lift + focus ring,Medium
spotify_artist_albums,GetSpotifyArtistAlbumsResult,loaded,User views an artist's discography,Branded album grid,Inline Spotify logo header; no shared shell,Migrated to ToolCard (Disc3) with release-count subtitle,Medium
spotify_artist_albums,GetSpotifyArtistAlbumsResult,empty,Artist has no albums,Friendly empty state,Plain bordered "No albums found" div,Replaced with ToolEmpty,Medium
spotify_artist_albums,GetSpotifyArtistAlbumsSkeleton,loading,User waits for albums,Skeleton matching final layout,Logo header + ad-hoc grid; layout jump on resolve,ToolCard loading skeleton mirroring result grid,Medium
spotify_artist_top_tracks,SpotifyArtistTopTracksResult,loaded,User views top tracks,Branded track grid,Inline logo + green Badge; no shell,Migrated to ToolCard (TrendingUp) with "N most popular" subtitle,Medium
spotify_artist_top_tracks,SpotifyArtistTopTracksResult,empty,No top tracks returned,Graceful empty state,Plain "Failed to get..." text div,ToolEmpty with null-guard,High
spotify_artist_top_tracks,SpotifyArtistTopTracksSkeleton,loading,User waits for top tracks,Skeleton matching final card,Card-based grid not matching result; layout jump,ToolCard loading skeleton mirroring result,Medium
spotify_album_with_tracks,GetSpotifyAlbumWithTracksResult,loaded,User explores an album + tracklist,Immersive but theme-safe album card,Hardcoded gray-900/black + white text; not dark-mode-token-safe,Token-safe rounded-2xl card; shared motion; muted hover rows,Medium
spotify_album_with_tracks,GetSpotifyAlbumWithTracksResult,empty,Album has no tracks,Empty state,No guard (would render empty list),Added ToolEmpty guard,Medium
spotify_album_with_tracks,SpotifyAlbumWithTracksHero,loaded,User sees album hero,Legible hero with art on all viewports,Cover hidden on mobile; raw bg-image; muted-fg text on dark,Responsive cover; gradient+blur backdrop; white-tinted meta,Medium
spotify_album_with_tracks,SpotifyAlbumWithTracksMeta,loaded,User reads album metadata,Readable meta on dark hero,text-muted-foreground near-invisible on dark; Badge deps,Token-safe white/70 pills; release-year guard,Medium
spotify_album_with_tracks,GetSpotifyAlbumWithTracksSkeleton,loading,User waits for album,Skeleton mirroring final card,Hardcoded gradient; bg-card placeholders; layout drift,Mirrors new card (hero + token track rows) with shared motion,Medium
spotify_deep_research,SpotifyDeepResearchResult,loaded,User reviews deep-research socials,Consistent branded card,Delegated to a differently-styled socials component,Shared ToolCard (Mic2) reusing ArtistSocial tiles,Medium
spotify_deep_research,SpotifyDeepResearchResult,error,Deep research fails,Clear failure surface,Generic destructive bar via delegate,Dedicated ToolError with retry copy,High
spotify_deep_research,SpotifyDeepResearchResult,empty,Research finds no socials,Friendly empty state,Rendered nothing under header,Added ToolEmpty,Medium
spotify_deep_research,SpotifyDeepResearchSkeleton,loading,User waits for deep research,Skeleton matching final card,Spinner-only socials skeleton (inconsistent),ToolCard loading skeleton grid,Low
catalog,CatalogSongsSkeleton,loading,"User uploads a CSV and waits for songs to process","A loading card that previews the shape of the result","Single small spinner pill that didn't resemble the result, causing a layout jump on resolve","Shared ToolCardSkeleton with ListMusic icon, label and 4 placeholder rows mirroring the song list",Medium
catalog,CatalogSongRow,resolved,"User scans imported songs for correctness","Scannable row with artwork, title, artist and key metadata","Cramped table cell row; ISRC tiny mono, notes toggled by clicking raw text","Card row with artwork placeholder, title/artist/album, ISRC + notes pills, accessible expandable notes",High
catalog,CatalogSongRow,empty-field,"User reviews a song missing its ISRC","Missing critical metadata is visually flagged","Showed nothing distinct for missing ISRC","Amber 'No ISRC' pill highlights incomplete metadata",Medium
catalog,InsertCatalogSongsList,resolved,"User views the full list of processed songs","A polished, consistent list surface","Raw HTML table with header row, hard borders, no design-system alignment","Tokenized rounded list container with divided rows and a footer count",Medium
catalog,InsertCatalogSongsList,empty,"User filters with 'hide incomplete' and nothing matches","Clear empty state explaining why the list is blank","Returned null, leaving a confusing blank gap","ToolEmpty with FileMusic icon and explanatory copy",High
catalog,InsertCatalogSongsSummary,resolved,"User wants a quick read on how many songs were added","At-a-glance stat chips","Plain numbers in a flat muted box","Icon stat chips (songs processed / total in catalog) with tabular numerals",Medium
catalog,InsertCatalogSongsStatus,success,"User confirms the import succeeded","A reassuring, dark-mode-safe success indicator","Used hardcoded green-600 and bare layout, not tokenized","Tokenized emerald success pill with bordered container and truncation",Low
catalog,InsertCatalogSongsStatus,error,"User sees that the import failed","A clear, non-alarming error indicator","Bare destructive text with no container or fallback message","Bordered destructive pill with icon and fallback message",Medium
catalog,HideMissingItemsToggle,interactive,"User toggles visibility of incomplete songs","An obvious, well-grouped control","Loose inline text + switch with no container","Tokenized bar with Filter icon, clear state label and accessible switch",Low
catalog,CatalogCsvUploadButton,idle,"User wants to add more songs via CSV","An inviting upload affordance","Plain bordered button with top divider","Dashed drop-zone styling with format hint; upload mechanism preserved",Low
catalog,CatalogCsvUploadButton,no-catalog,"User tries to upload without a selected catalog","Clear blocking message and disabled action","Already disabled, but visually plain","Disabled button inside drop-zone with destructive guidance message",Low
catalog,CatalogSongsResult,uploading,"User watches CSV upload progress","Visible, contextual progress feedback","Bare progress bar with a lone percentage","Tokenized card with progress bar and 'Uploading… %' label",Low
chats,GetChatsResult,resolved,"User browses their existing chats to open one","Scannable list with clear affordance to open","Custom card; rows worked but off the shared system, generic green check header","ToolCard (MessageSquare, info tone), trailing count badge, hover rows with sliding chevron",Medium
chats,GetChatsResult,empty,"User has no chats yet","Friendly empty state","Centered icon + text, but bespoke and inconsistent","Shared ToolEmpty inside ToolCard for consistency",Low
chats,GetChatsSkeleton,loading,"User waits for chats to load","Loading state that matches the resolved card","Bespoke pulsing skeleton that diverged from final card layout","Shared ToolCardSkeleton (MessageSquare, 4 rows) matching the result",Medium
files,UpdateFileResult,success,"User confirms a file edit was saved","Clear success confirmation with file name and details","Flat primary-tinted box with check icon; no path/preview link","Success ToolCard with 'Saved' pill, verified/size subtitle, tappable path row",Medium
files,UpdateFileResult,error,"User sees that the file update failed","Consistent, retry-friendly error surface","Custom destructive box inconsistent with other tool errors","Delegates to shared ToolError for a unified failure surface",Medium
